x_min,x_max,y_min,y_max,x_distr,y_distr,npoints,mode_x,mode_y
0.6008064516129032,0.9919354838709677,0.3955627705627706,0.5930735930735931,triangular,uniform,100,0.6008064516129032,-
0.125,0.2983870967741935,0.15746753246753253,0.5795454545454546,triangular,uniform,100,-,-
0.23991935483870974,0.5846774193548387,0.8014069264069266,0.963744588744589,triangular,uniform,100,0.23991935483870974,-