x_min,x_max,y_min,y_max
20.16129032258064,459.6774193548388,568.7229437229439,917.7489177489178
84.67741935483866,393.14516129032256,449.67532467532465,988.0952380952381
838.7096774193549,949.5967741935485,609.3073593073593,885.2813852813854
808.4677419354838,959.6774193548387,43.83116883116884,257.5757575757576
366.9354838709678,610.8870967741934,51.948051948051955,200.75757575757578
