x_min,x_max,y_min,y_max
149.19354838709677,417.33870967741933,544.3722943722944,896.1038961038962
548.3870967741937,872.983870967742,547.077922077922,890.6926406926407
149.19354838709677,883.0645161290322,125.00000000000001,354.978354978355
