x_min,x_max,y_min,y_max
92.74193548387098,907.258064516129,465.9090909090908,893.3982683982683
383.0645161290323,622.983870967742,97.94372294372295,363.0952380952381
