x_min,x_max,y_min,y_max
245.96774193548384,737.9032258064515,230.51948051948045,809.5238095238095
28.225806451612925,977.8225806451612,893.3982683982683,988.0952380952381
32.25806451612908,981.8548387096776,866.3419913419912,961.0389610389609
6.048387096774206,62.5,89.82683982683977,750.0
6.048387096774206,44.35483870967744,125.0,750.0
24.19354838709677,963.7096774193549,16.774891774891756,57.35930735930734
929.4354838709678,981.8548387096776,68.18181818181813,860.930735930736
