x_min,x_max,y_min,y_max
10.080645161290334,495.9677419354839,19.48051948051949,487.5541125541125
145.1612903225806,260.08064516129036,839.2857142857144,952.922077922078
344.758064516129,441.5322580645162,782.4675324675325,963.7445887445888
522.1774193548388,750.0,874.4588744588743,955.6277056277056
578.6290322580644,741.9354838709678,704.0043290043291,833.8744588744589
848.7903225806451,961.6935483870968,701.2987012987014,942.0995670995671
770.1612903225807,929.4354838709678,474.02597402597405,593.0735930735931
866.9354838709678,951.6129032258066,160.17316017316023,392.8571428571429
