x_min,x_max,y_min,y_max
4.032258064516128,74.59677419354838,901.5151515151515,988.0952380952381
917.3387096774194,997.9838709677421,11.363636363636346,114.17748917748918
0.0,86.69354838709677,8.65800865800864,97.94372294372292
889.1129032258065,995.9677419354838,898.8095238095239,990.800865800866
447.58064516129036,510.08064516129036,506.49350649350646,606.6017316017317
447.58064516129036,510.08064516129036,506.49350649350646,606.6017316017317
