x_min,x_max,y_min,y_max
201.6129032258063,784.2741935483871,176.40692640692635,831.1688311688312
