x_min,x_max,y_min,y_max
28.225806451612883,247.98387096774195,893.3982683982683,977.2727272727273
32.25806451612905,100.80645161290326,368.5064935064934,663.4199134199134
40.32258064516134,288.3064516129032,49.24242424242425,106.06060606060606
445.5645161290323,643.1451612903226,16.774891774891785,119.58874458874462
895.1612903225808,983.8709677419357,100.64935064935065,333.33333333333337
905.241935483871,979.8387096774193,522.7272727272727,771.6450216450216
542.3387096774194,800.4032258064516,890.6926406926407,979.9783549783551
316.5322580645161,495.9677419354839,503.78787878787875,736.4718614718615
500.0,681.4516129032259,327.92207792207796,595.7792207792209
