x_min,x_max,y_min,y_max
36.29032258064517,256.04838709677415,41.125541125541076,969.1558441558443
431.45161290322585,631.0483870967741,290.04329004329,971.861471861472
796.3709677419354,975.8064516129032,19.480519480519433,649.891774891775
