x_min,x_max,y_min,y_max
50.4032258064516,219.75806451612908,49.24242424242425,952.922077922078
260.08064516129025,947.5806451612902,790.5844155844156,958.3333333333335
268.1451612903227,955.6451612903227,65.47619047619047,222.4025974025974
