x_min,x_max,y_min,y_max
32.25806451612907,252.01612903225805,3.246753246753201,966.4502164502164
