x_min,x_max,y_min,y_max
48.38709677419355,252.0161290322581,701.2987012987012,955.6277056277056
32.25806451612904,239.9193548387097,27.597402597402606,260.28138528138527
741.9354838709677,967.7419354838709,709.4155844155844,958.3333333333335
762.0967741935485,979.8387096774193,30.30303030303031,260.28138528138527
383.0645161290322,629.0322580645161,363.0952380952382,612.0129870129871
