x_min,x_max,y_min,y_max
30.24193548387092,989.9193548387098,958.3333333333335,974.5670995670996
30.24193548387092,989.9193548387098,958.3333333333335,974.5670995670996
2.01612903225805,991.9354838709678,8.65800865800864,33.00865800865799
16.129032258064512,48.387096774193566,0.5411255411255524,979.9783549783551
46.3709677419356,997.983870967742,896.1038961038962,950.2164502164503
967.741935483871,989.9193548387098,0.5411255411255524,901.5151515151515
76.61290322580652,826.6129032258063,208.8744588744588,831.1688311688312
173.38709677419348,923.3870967741937,149.3506493506493,771.6450216450216
173.38709677419342,832.6612903225807,149.3506493506493,682.3593073593074
