x_min,x_max,y_min,y_max
12.096774193548242,899.1935483870968,915.0432900432902,982.6839826839828
913.3064516129032,973.7903225806451,116.883116883117,982.6839826839828
82.66129032258073,969.758064516129,27.597402597402606,106.06060606060606
16.129032258064512,70.56451612903226,27.597402597402606,893.3982683982683
288.3064516129032,707.6612903225807,292.74891774891785,733.7662337662339
