x_min,x_max,y_min,y_max
328.6290322580646,977.8225806451612,795.9956709956709,917.7489177489178
2.01612903225805,538.3064516129034,3.2467532467532294,189.93506493506493
