x_min,x_max,y_min,y_max
16.12903225806457,695.5645161290322,33.008658008658,233.22510822510822
413.3064516129034,983.8709677419356,785.1731601731601,974.5670995670996
429.4354838709678,594.758064516129,287.3376623376623,714.8268398268399
