x_min,x_max,y_min,y_max
2.01612903225805,997.983870967742,373.9177489177489,603.8961038961039
2.01612903225805,997.983870967742,373.9177489177489,741.8831168831169
2.01612903225805,997.983870967742,235.93073593073592,741.8831168831169
